{"cameraMode":{"drawMode":0,"name":"Shaded","section":"Shading Mode"},"sceneLighting":true,"audioPlay":false,"sceneViewState":{"showFog":true,"showMaterialUpdate":false,"showSkybox":true,"showFlares":true,"showImageEffects":true,"showParticleSystems":true},"in2DMode":false,"pivot":{"x":-35.1059684753418,"y":-35.043418884277347,"z":2.3538217544555666},"rotation":{"x":-0.23090451955795289,"y":0.6967840194702148,"z":-0.2559427320957184,"w":-0.6291497349739075},"size":86.96033477783203,"orthographic":false}