{"cameraMode":{"drawMode":0,"name":"Shaded","section":"Shading Mode"},"sceneLighting":true,"audioPlay":false,"sceneViewState":{"showFog":true,"showMaterialUpdate":false,"showSkybox":true,"showFlares":true,"showImageEffects":true,"showParticleSystems":true},"in2DMode":false,"pivot":{"x":136.54531860351563,"y":45.579811096191409,"z":-82.55619049072266},"rotation":{"x":-0.12690970301628114,"y":0.04002280533313751,"z":-0.007265394553542137,"w":-0.9914236068725586},"size":5.307889938354492,"orthographic":false}